Time,cSVGN1.Q,GEN1.V,LOAD.V,GEN2.V,SHUNT.V,FAULT.V
0.0,0.06009896981547079,0.9999999968624002,0.9940151868411313,0.9999999988707334,0.9999999984647887,0.9969950500826138
1.0000000100356073e-08,0.060098969815470776,0.9999999968624002,0.9940151868411312,0.9999999988707334,0.9999999984647888,0.9969950500826138
1.0000000100356073e-08,0.06009896981547079,0.9999999968624003,0.9940151868411312,0.9999999988707334,0.9999999984647887,0.9969950500826138
0.02,0.060098969815608846,0.9999999968632667,0.9940151868427347,0.999999998871526,0.9999999984659482,0.9969950500837698
0.04,0.060098969815418665,0.9999999968562455,0.9940151868414243,0.9999999988699089,0.9999999984643678,0.9969950500821941
0.06,0.06009896981453439,0.9999999968352212,0.9940151868331172,0.999999998863265,0.9999999984567062,0.9969950500745536
0.08,0.06009896981293884,0.9999999967998965,0.9940151868176086,0.9999999988514646,0.9999999984427969,0.9969950500606822
0.1,0.060098969810885416,0.999999996753081,0.99401518679599,0.9999999988353961,0.9999999984236623,0.9969950500415928
0.12,0.060098969808329,0.9999999966942802,0.9940151867680741,0.9999999988149048,0.9999999983991259,0.9969950500171105
0.14,0.060098969805252304,0.9999999966233054,0.9940151867337901,0.9999999987899322,0.9999999983691203,0.9969950499871687
0.16,0.06009896980165532,0.9999999965401569,0.9940151866931374,0.9999999987604781,0.9999999983336456,0.9969950499517671
0.18,0.06009896979868899,0.9999999964623321,0.9940151866552805,0.9999999987330118,0.999999998300603,0.9969950499187736
0.2,0.060098969795998713,0.9999999963844409,0.9940151866173967,0.9999999987055405,0.9999999982675589,0.9969950498857648
0.22,0.06009896979336837,0.9999999963031948,0.9940151865777634,0.9999999986768483,0.9999999982330282,0.9969950498512619
0.24,0.060098969790797756,0.9999999962185937,0.9940151865363807,0.9999999986469352,0.9999999981970107,0.9969950498152644
0.26,0.060098969788287,0.9999999961306378,0.9940151864932483,0.9999999986158014,0.9999999981595064,0.996995049777773
0.28,0.060098969785835996,0.9999999960393269,0.9940151864483663,0.9999999985834465,0.9999999981205152,0.9969950497387873
0.3,0.06009896978344477,0.999999995944661,0.9940151864017349,0.9999999985498708,0.9999999980800374,0.9969950496983075
0.32,0.06009896978111345,0.9999999958466401,0.9940151863533541,0.9999999985150743,0.9999999980380729,0.9969950496563335
0.34,0.06009896978230008,0.9999999958123175,0.9940151863383602,0.9999999985037992,0.9999999980248343,0.9969950496429958
0.36,0.060098969785644885,0.9999999958189739,0.9940151863448415,0.9999999985076484,0.9999999980300647,0.9969950496480746
0.38,0.060098969788989695,0.9999999958256306,0.994015186351323,0.9999999985114979,0.9999999980352952,0.9969950496531537
0.4,0.06009896979233442,0.999999995832287,0.9940151863578045,0.9999999985153473,0.9999999980405258,0.9969950496582326
0.42,0.06009896979567923,0.9999999958389436,0.9940151863642859,0.9999999985191966,0.9999999980457561,0.9969950496633115
0.44,0.06009896979902396,0.9999999958456001,0.9940151863707674,0.999999998523046,0.9999999980509867,0.9969950496683905
0.46,0.060098969802368764,0.9999999958522567,0.9940151863772488,0.9999999985268954,0.9999999980562173,0.9969950496734694
0.48,0.06009896980571351,0.9999999958589132,0.9940151863837303,0.9999999985307448,0.9999999980614478,0.9969950496785486
0.5,0.06009896980905831,0.9999999958655696,0.9940151863902116,0.9999999985345941,0.9999999980666782,0.9969950496836274
0.52,0.06009896981240306,0.9999999958722262,0.9940151863966932,0.9999999985384436,0.9999999980719089,0.9969950496887066
0.54,0.060098969815747874,0.9999999958788828,0.9940151864031745,0.9999999985422929,0.9999999980771392,0.9969950496937854
0.56,0.060098969819092685,0.9999999958855394,0.994015186409656,0.9999999985461424,0.9999999980823698,0.9969950496988645
0.58,0.06009896982243744,0.9999999958921958,0.9940151864161374,0.9999999985499917,0.9999999980876002,0.9969950497039434
0.6,0.0600989698257822,0.9999999958988524,0.9940151864226189,0.999999998553841,0.9999999980928307,0.9969950497090223
0.62,0.060098969829126936,0.9999999959055087,0.9940151864291001,0.9999999985576904,0.9999999980980612,0.9969950497141012
0.64,0.060098969832471746,0.9999999959121653,0.9940151864355816,0.9999999985615398,0.9999999981032917,0.9969950497191804
0.66,0.06009896983513997,0.9999999959265322,0.9940151864458316,0.9999999985680609,0.9999999981117272,0.9969950497275079
0.68,0.0600989698355814,0.9999999959662769,0.994015186468486,0.9999999985833758,0.9999999981307127,0.9969950497465282
0.7,0.06009896983602282,0.9999999960060216,0.9940151864911404,0.9999999985986909,0.9999999981496982,0.9969950497655488
0.72,0.06009896983646431,0.9999999960457666,0.9940151865137947,0.999999998614006,0.9999999981686837,0.9969950497845691
0.74,0.06009896983690579,0.9999999960855115,0.9940151865364492,0.9999999986293211,0.9999999981876692,0.9969950498035896
0.76,0.060098969837347235,0.9999999961252564,0.9940151865591033,0.9999999986446361,0.9999999982066544,0.99699504982261
0.78,0.060098969837788646,0.9999999961650012,0.9940151865817577,0.9999999986599512,0.99999999822564,0.9969950498416303
0.8,0.06009896983823009,0.9999999962047462,0.9940151866044121,0.9999999986752662,0.9999999982446255,0.9969950498606508
0.82,0.060098969838671565,0.9999999962444911,0.9940151866270664,0.9999999986905812,0.999999998263611,0.9969950498796711
0.84,0.06009896983911299,0.9999999962842359,0.9940151866497209,0.9999999987058963,0.9999999982825963,0.9969950498986916
0.86,0.060098969839554435,0.9999999963239807,0.9940151866723751,0.9999999987212113,0.9999999983015817,0.996995049917712
0.88,0.06009896983999591,0.9999999963637256,0.9940151866950295,0.9999999987365263,0.9999999983205672,0.9969950499367324
0.9,0.060098969840437354,0.9999999964034705,0.9940151867176839,0.9999999987518414,0.9999999983395527,0.9969950499557529
0.92,0.060098969840878806,0.9999999964432154,0.9940151867403382,0.9999999987671565,0.999999998358538,0.9969950499747733
0.94,0.060098969841320245,0.9999999964829601,0.9940151867629925,0.9999999987824714,0.9999999983775235,0.9969950499937936
0.96,0.0600989698417617,0.9999999965227051,0.9940151867856469,0.9999999987977866,0.999999998396509,0.9969950500128142
0.98,0.06009896984220312,0.9999999965624499,0.9940151868083013,0.9999999988131015,0.9999999984154945,0.9969950500318345
1.0,0.06009896984264457,0.9999999966021947,0.9940151868309556,0.9999999988284166,0.99999999843448,0.996995050050855
1.02,0.060098969843085985,0.9999999966419395,0.9940151868536098,0.9999999988437316,0.9999999984534652,0.9969950500698754
1.04,0.06009896984352749,0.9999999966816844,0.9940151868762642,0.9999999988590467,0.9999999984724507,0.9969950500888958
1.06,0.06009896984396894,0.9999999967214295,0.9940151868989187,0.9999999988743618,0.9999999984914363,0.9969950501079163
1.08,0.06009896984441038,0.9999999967611743,0.9940151869215731,0.9999999988896768,0.9999999985104217,0.9969950501269367
1.1,0.06009896984485179,0.9999999968009192,0.9940151869442274,0.9999999989049918,0.999999998529407,0.996995050145957
1.12,0.060098969845293254,0.999999996840664,0.9940151869668816,0.9999999989203068,0.9999999985483924,0.9969950501649775
1.14,0.06009896984573473,0.9999999968804087,0.994015186989536,0.9999999989356219,0.9999999985673779,0.9969950501839978
1.16,0.060098969846176166,0.9999999969201538,0.9940151870121904,0.9999999989509369,0.9999999985863633,0.9969950502030183
1.18,0.06009896984661758,0.9999999969598986,0.9940151870348447,0.999999998966252,0.9999999986053488,0.9969950502220387
1.2,0.060098969847059015,0.9999999969996434,0.994015187057499,0.999999998981567,0.9999999986243342,0.996995050241059
1.22,0.06009896984750051,0.9999999970393882,0.9940151870801534,0.999999998996882,0.9999999986433196,0.9969950502600794
1.24,0.060098969847941976,0.9999999970791332,0.9940151871028078,0.999999999012197,0.999999998662305,0.9969950502791
1.26,0.060098969848383435,0.9999999971188781,0.9940151871254621,0.9999999990275121,0.9999999986812905,0.9969950502981205
1.28,0.06009896984882486,0.999999997158623,0.9940151871481163,0.9999999990428271,0.999999998700276,0.9969950503171406
1.3,0.06009896984926629,0.9999999971983679,0.9940151871707708,0.9999999990581422,0.9999999987192614,0.9969950503361612
1.32,0.06009896984739475,0.9999999972280087,0.9940151871875753,0.9999999990693983,0.999999998733178,0.9969950503502133
1.34,0.06009896984286233,0.999999997246026,0.9940151871976503,0.9999999990759849,0.9999999987412638,0.9969950503585499
1.36,0.06009896983832997,0.9999999972640435,0.9940151872077253,0.9999999990825716,0.9999999987493493,0.9969950503668863
1.38,0.06009896983379757,0.9999999972820611,0.9940151872178001,0.9999999990891583,0.999999998757435,0.9969950503752228
1.4,0.06009896982926515,0.9999999973000785,0.9940151872278752,0.999999999095745,0.9999999987655206,0.9969950503835594
1.42,0.0600989698247328,0.9999999973180959,0.9940151872379501,0.9999999991023316,0.999999998773606,0.9969950503918958
1.44,0.06009896982020038,0.9999999973361132,0.994015187248025,0.9999999991089181,0.9999999987816915,0.9969950504002323
1.46,0.060098969815667994,0.9999999973541308,0.9940151872581001,0.999999999115505,0.9999999987897773,0.9969950504085688
1.48,0.0600989698111356,0.9999999973721481,0.9940151872681748,0.9999999991220915,0.9999999987978626,0.9969950504169052
1.5,0.0600989698066032,0.9999999973901657,0.9940151872782497,0.9999999991286781,0.9999999988059483,0.9969950504252416
1.52,0.06009896980207081,0.999999997408183,0.9940151872883247,0.9999999991352648,0.999999998814034,0.9969950504335783
1.54,0.06009896979753843,0.9999999974262004,0.9940151872983997,0.9999999991418514,0.9999999988221195,0.9969950504419147
1.56,0.060098969793006,0.9999999974442177,0.9940151873084746,0.999999999148438,0.999999998830205,0.9969950504502512
1.58,0.06009896978847361,0.9999999974622353,0.9940151873185495,0.9999999991550247,0.9999999988382906,0.9969950504585877
1.6,0.060098969783941254,0.9999999974802528,0.9940151873286246,0.9999999991616114,0.9999999988463762,0.9969950504669243
1.62,0.060098969779408845,0.9999999974982701,0.9940151873386995,0.999999999168198,0.9999999988544618,0.9969950504752608
1.64,0.060098969774876436,0.9999999975162875,0.9940151873487745,0.9999999991747848,0.9999999988625474,0.9969950504835974
1.66,0.06009896977034407,0.999999997534305,0.9940151873588494,0.9999999991813714,0.9999999988706331,0.9969950504919338
1.68,0.06009896976581167,0.9999999975523225,0.9940151873689244,0.999999999187958,0.9999999988787185,0.9969950505002704
1.7,0.06009896976127925,0.9999999975703399,0.9940151873789993,0.9999999991945446,0.9999999988868041,0.9969950505086068
1.72,0.0600989697567469,0.9999999975883574,0.9940151873890744,0.9999999992011314,0.9999999988948898,0.9969950505169433
1.74,0.06009896975221449,0.9999999976063748,0.9940151873991492,0.999999999207718,0.9999999989029753,0.9969950505252798
1.76,0.060098969747682085,0.9999999976243922,0.994015187409224,0.9999999992143046,0.999999998911061,0.9969950505336163
1.78,0.060098969743149724,0.9999999976424095,0.9940151874192991,0.9999999992208913,0.9999999989191466,0.9969950505419527
1.8,0.0600989697386173,0.999999997660427,0.994015187429374,0.999999999227478,0.999999998927232,0.9969950505502893
1.82,0.0600989697340849,0.9999999976784444,0.9940151874394488,0.9999999992340646,0.9999999989353177,0.9969950505586257
1.84,0.06009896972955255,0.999999997696462,0.994015187449524,0.9999999992406513,0.9999999989434033,0.9969950505669624
1.86,0.06009896972502013,0.9999999977144793,0.9940151874595988,0.9999999992472379,0.9999999989514889,0.9969950505752988
1.88,0.06009896972048772,0.9999999977324968,0.9940151874696738,0.9999999992538247,0.9999999989595745,0.9969950505836354
1.9,0.060098969715955346,0.9999999977505143,0.9940151874797487,0.9999999992604112,0.9999999989676601,0.9969950505919718
1.92,0.06009896971142296,0.9999999977685317,0.9940151874898238,0.9999999992669979,0.9999999989757455,0.9969950506003084
1.94,0.06009896970689054,0.999999997786549,0.9940151874998986,0.9999999992735845,0.9999999989838312,0.9969950506086448
1.96,0.06009896970235817,0.9999999978045665,0.9940151875099735,0.9999999992801711,0.9999999989919167,0.9969950506169812
1.98,0.06009896969782581,0.9999999978225841,0.9940151875200487,0.9999999992867579,0.9999999990000025,0.9969950506253178
2.0,0.06009896969329345,0.9999999978406015,0.9940151875301234,0.9999999992933445,0.9999999990080879,0.9969950506336542
2.0000000300000194,0.060098969693293404,0.9999999978406015,0.9940151875301234,0.9999999992933445,0.9999999990080879,0.9969950506336542
2.0000000300000194,0.004408830467027429,0.6202876198856685,0.2305081922404092,0.3095726453983499,0.27084959205298076,1e-10
2.02,0.003965233172396546,0.5210293999966319,0.20219778063015129,0.30217462568440284,0.25266951323041,1e-10
2.04,0.0038999428588906765,0.47840224118969793,0.1893404020357218,0.2986283758861781,0.24412546249053413,1e-10
2.06,0.0039937388142539,0.4546141212706635,0.18220908117692655,0.29669492189447244,0.2394402376874547,1e-10
2.08,0.0041672537295785045,0.4393239330253608,0.1776904465618349,0.2955017136521099,0.23652899046413767,1e-10
2.1,0.004384153103881608,0.42871828924846983,0.17452416937394008,0.2946698179362934,0.2345039079150547,1e-10
2.12,0.004623413971853638,0.42083919252062063,0.17205728685835117,0.29400410742665467,0.23290483969103615,1e-10
2.14,0.004872721483803448,0.4146006445388482,0.16994923243411802,0.2934079675184592,0.23149907793987323,1e-10
2.1500000315000283,0.004998592739687477,0.4118861885392126,0.1689662323545635,0.29311854610098026,0.23082606607738698,1e-10
2.1500000315000283,0.06766678354531484,0.7123512671119777,0.812508401314118,0.87842903576454,0.8492757815856952,0.8452919885101042
2.16,0.0754758437461441,0.7745083837736818,0.8561476116299744,0.9085140585810267,0.8865282902461528,0.8822714695657208
2.18,0.08726034879768986,0.8663550582969136,0.915336055303387,0.9486341152961532,0.9366353307341695,0.9319771494504507
2.2,0.09482700636440443,0.9204586990445579,0.9487880576992396,0.9711563053908666,0.9648836934439566,0.9599697851179481
2.22,0.09957069721916093,0.9516799541324082,0.967721863117956,0.9838845935968475,0.9808763074763273,0.9758007087496429
2.24,0.10252066335981365,0.9699112009087415,0.9785766438339435,0.9911698796949133,0.9900464875512189,0.9848689197343604
2.26,0.10432137579353465,0.980563701762333,0.9847650230176742,0.9953083475087624,0.9952702409225427,0.9900293844897289
2.28,0.10541281864859953,0.986926707521721,0.9883477888684643,0.9976895183673224,0.998287544996923,0.9930078631972713
2.3,0.10606741652821462,0.9908207721187152,0.9904651451145969,0.999084978890329,1.0000638938437552,0.9947608622018203
2.32,0.10644704369042855,0.9932121738844872,0.9917223107767303,0.9999057914950109,1.0011134180003045,0.9957969855825266
2.34,0.10664795661990274,0.9946271555603273,0.992448521204228,1.0003761777110807,1.0017165265733972,0.9963932666156825
2.36,0.10672811780059435,0.9953692868644503,0.9928326863949117,1.0006248208683026,1.0020342468886085,0.9967086748832767
2.38,0.10672514501073559,0.9956222326493523,0.9929865925417068,1.000727477887912,1.0021617730823036,0.9968370270806479
2.4,0.10667970214070109,0.9956124586119769,0.9930467163635669,1.0007758166725116,1.00221456659384,0.9968923682055242
2.42,0.10661163737701607,0.9954456867548139,0.9930721534487512,1.0008085454192588,1.0022421172109115,0.9969234607487413
2.44,0.10653016842865316,0.9951691820732431,0.9930837498958809,1.0008379772991174,1.0022611547474436,0.9969466635679014
2.46,0.10643937321226683,0.9948039908284132,0.9930846229135399,1.0008640519236691,1.0022731284441961,0.9969632302185903
2.48,0.10634061536730079,0.9943578505961331,0.9930687610235202,1.000880322970981,1.0022716074209972,0.9969666278372801
2.5,0.10623218966082479,0.9938229075289898,0.9930200051033916,1.000873428073228,1.0022415127786168,0.9969417830604177
2.52,0.10611229658146437,0.9931908506815407,0.9929221268649481,1.0008300868702462,1.0021677842267827,0.996873646298614
2.54,0.10597927566777642,0.9924536818980934,0.9927598627808785,1.0007379549547486,1.0020363502994578,0.9967481554845808
2.56,0.10583099629825214,0.9916001595291678,0.992517018849203,1.0005844665520127,1.0018325951598943,0.9965507252248351
2.58,0.10566596621470399,0.9906246523489627,0.9921824792564112,1.0003609782103913,1.0015464767756153,0.9962713366961817
2.6,0.10548248382978145,0.9895178377146444,0.9917444476576048,1.0000589681216714,1.0011677374797026,0.9958997652455626
2.62,0.10528149040346467,0.9882869507530112,0.9912033758040768,0.999678733030295,1.0006968022038911,0.9954363934958257
2.64,0.1050660562307208,0.9869520658371302,0.990569456619604,0.9992276368422877,1.0001426268093707,0.9948900734994418
2.66,0.10483786794426783,0.9855232319315244,0.9898482217532906,0.9987104277756551,0.999510545377869,0.9942660854010973
2.68,0.10460192911823513,0.9840359727202175,0.9890624973154141,0.9981437273994598,0.9988205970840065,0.9935843252984198
2.7,0.10436202833143535,0.9825131978443078,0.9882283001433687,0.9975399509295216,0.9980873283216384,0.9928592276083629
2.72,0.1041231659031871,0.9809907169032852,0.9873704563778429,0.9969174499146704,0.9973326846127176,0.9921126030561073
2.74,0.10389034703868702,0.9795035549425706,0.9865137318386237,0.9962945700867926,0.9965785839850743,0.9913662333546106
2.76,0.10366809387149958,0.9780836526869913,0.9856812004550722,0.9956884573495269,0.9958454750226411,0.9906404462474452
2.78,0.10346012876179617,0.9767596541570737,0.9848938690491941,0.9951146943903266,0.9951519399624813,0.9899537326427587
2.8,0.10327051334230687,0.9755631007231217,0.9841742247463675,0.9945896183755192,0.9945176591735028,0.9893256695886435
2.82,0.10310128218850652,0.9745106138605555,0.9835353689752131,0.9941231261746601,0.9939543222835131,0.9887679030931608
2.84,0.10295465633060566,0.9736227760358946,0.9829922912136339,0.9937260581120045,0.993474995438899,0.9882934533741268
2.86,0.1028318827881442,0.9729127431688319,0.9825550016338906,0.9934057110440033,0.9930884301760929,0.987911052566655
2.88,0.10273352163308727,0.972388915110939,0.9822301383162436,0.9931669117548548,0.9928004103247844,0.9876264844360935
2.9,0.10265951839681847,0.9720564673689455,0.9820218941148406,0.9930126408261699,0.9926145275182972,0.9874433604221823
2.92,0.10260938418527363,0.9719165296421726,0.981931586530172,0.992943777007133,0.9925318520709369,0.9873627798010456
2.94,0.10258202907156545,0.9719664428544662,0.9819578532880258,0.9929592798878596,0.9925511205208508,0.9873835266186451
2.96,0.10257631165682407,0.9722032488031619,0.9820987831987059,0.9930575831669223,0.9926705107397159,0.9875038263344438
2.98,0.10259064376678324,0.9726201286716343,0.9823498542968468,0.993235292899963,0.9928859597485119,0.9877196747360195
3.0,0.10262322731824748,0.9732086897798915,0.9827053375771215,0.9934881183940487,0.9931923357434533,0.9880260040613934
3.02,0.10267218380772959,0.9739602979819351,0.9831591321233468,0.9938114303878101,0.9935841376441441,0.9884173795806328
3.04,0.10273531501922653,0.9748625574894988,0.9837027236907573,0.9941989522002209,0.9940538239779454,0.9888863317441006
3.06,0.10281056650083749,0.9759052961756656,0.9843287765260125,0.9946451172870351,0.9945947898848834,0.9894263252582189
3.08,0.10289549748323906,0.9770737483063706,0.9850271187217415,0.9951424451536266,0.9951980462275066,0.9900284475151092
3.1,0.10298779542693322,0.9783544102511603,0.9857882725855208,0.9956838729238732,0.9958551573822448,0.9906843357048027
3.12,0.10308506716123346,0.9797325916069426,0.9866020409929068,0.9962618345267547,0.9965570728569216,0.9913850128090576
3.14,0.1031847400766254,0.9811911775257459,0.9874568140807667,0.9968678155316519,0.9972935585120453,0.9921203207792613
3.16,0.10328441460828663,0.9827139136068687,0.9883415904236466,0.9974937114076546,0.9980548957754108,0.9928806108579539
3.18,0.10338147846077382,0.9842816073669789,0.98924375873673,0.9981303587981214,0.9988300304353538,0.9936549021061948
3.2,0.10347348205910707,0.9858754686939053,0.9901511510219261,0.9987689367115327,0.9996083130301613,0.9944326120091476
3.22,0.10355795123200214,0.9874751092011487,0.9910509129745706,0.9994002168836356,1.0003785552869917,0.9952026174406495
3.24,0.10363254909884471,0.9890600378380309,0.9919304521264827,1.0000152241903346,1.0011298415557883,0.9959540622479904
3.26,0.10369514652507748,0.9906102119857815,0.9927778196001578,1.000605510516682,1.00185186058314,0.9966766872928319
3.28,0.10374382144617555,0.9921056665729339,0.9935815421569416,1.0011630576619812,1.0025347752383507,0.9973606996211718
3.3,0.10377698315647545,0.9935282630540759,0.9943316920864322,1.0016810086134347,1.0031701266706845,0.9979976751754601
3.32,0.10379347183138168,0.99486179676099,0.9950199838417667,1.002153743654044,1.0037509260785262,0.9985806461606122
3.34,0.10379243985853365,0.9960917460936243,0.9956395876685715,1.002576760690431,1.0042714976012956,0.9991039491148543
3.36,0.10377358225803943,0.9972071422251452,0.9961862432506002,1.002947416185831,1.00472841139264,0.9995641513607992
3.38,0.10373709332647531,0.9982004133438995,0.996658099989196,1.0032648090888658,1.005120343269085,0.9999599121162736
3.4,0.10368333102943778,0.9990649580520413,0.9970541214582924,1.003528693143526,1.0054467214193363,1.0002906389467356
3.42,0.10361347914265694,0.9998010148934499,0.9973775935197569,1.0037417980234373,1.0057106550293435,1.000559398454876
3.44,0.10352847791597357,1.0004068320464004,0.9976305588132592,1.0039060698516855,1.0059142396109975,1.00076825065961
3.46,0.10342999643531173,1.0008875363419545,0.9978191227225949,1.0040261877111614,1.006062988917536,1.0009226552140311
3.48,0.10331962466952689,1.0012483036014665,0.9979491347326485,1.0041066330974904,1.0061621846840447,1.001027842546261
3.5,0.10319891870254597,1.0014951118615312,0.9980265139657248,1.004151870822331,1.0062171263454154,1.001089062561139
3.52,0.10306959894603182,1.0016369046612101,0.9980584430286328,1.004167116710664,1.0062341128303864,1.001112561541244
3.54,0.10293305446455667,1.0016807532087428,0.9980503967735888,1.0041563254668548,1.0062179361128891,1.00110308752013
3.56,0.10279059503923804,1.001635202567878,0.998008004667686,1.0041234156602732,1.0061734273768486,1.0010654317924774
3.58,0.10264330215945164,1.0015077314555587,0.9979356412391243,1.0040713292007748,1.0061042801846491,1.0010032534997038
3.6,0.10249192372737272,1.0013046387161517,0.9978362417883196,1.0040019044123194,1.0060128906449577,1.0009189242474932
3.62,0.10233696575335016,1.0010313711202536,0.9977116117152582,1.0039161017762517,1.0059006300592566,1.0008137976131197
3.64,0.10217883636674097,1.000693146163953,0.99756296291634,1.0038143903613126,1.0057683140105453,1.0006886734780323
3.66,0.10201746955769461,1.0002921976102732,0.997389166467132,1.0036955985757687,1.0056147461473628,1.00054235319153
3.68,0.1018530993868153,0.9998335100216386,0.9971906261524486,1.0035595534541655,1.0054400007472095,1.000374900250669
3.7,0.10168548841649856,0.9993182542051294,0.996965155032413,1.0034043456369945,1.005241976908663,1.0001842154778466
3.72,0.10151464252881405,0.9987496904282696,0.9967118919757301,1.0032289919015531,1.0050197109080456,0.9999693305514104
3.74,0.10134066271945112,0.9981316244930464,0.9964304236082564,1.0030328747833674,1.0047726568279691,0.9997296923503413
3.76,0.10116362767077268,0.9974671304982912,0.996120077997368,1.0028152967431945,1.0045001110092304,0.9994645903462174
3.78,0.10098398506067018,0.9967623841745559,0.9957824150395198,1.0025771592048154,1.0042033068218148,0.9991752423839415
3.8,0.10080223878590033,0.9960230401181304,0.9954190186382005,1.0023195003129863,1.0038835753818047,0.9988629616909068
3.82,0.10061912873922152,0.9952567850499383,0.995033110056687,1.0020445702045266,1.0035436915709555,0.9985305006521255
3.84,0.100435618454217,0.9944725340058169,0.9946290733695687,1.0017555082355416,1.0031874758368649,0.9981816511741094
3.86,0.10025280587116259,0.9936800898245027,0.9942122179510943,1.0014561712678287,1.0028195848460042,0.9978210386913186
3.88,0.10007186287063066,0.9928898294250736,0.9937885518425682,1.0011509655300523,1.002445310139557,0.9974539227990824
3.9,0.0998941682126242,0.9921137235417892,0.9933653822881712,1.0008452179151193,1.0020710640226442,0.997086678904809
3.92,0.09972091213066338,0.9913621125440618,0.9929492509243791,1.000543792551717,1.001702644895561,0.9967250746348736
3.94,0.099553474130041,0.9906473031692405,0.9925481144381896,1.0002524975129525,1.001347033459828,0.9963760561365324
3.96,0.09939301645366785,0.9899797466947028,0.992168918722015,0.9999764687367445,1.0010103630848197,0.9960457286551242
3.98,0.0992406095970572,0.9893694837981302,0.9918184405916795,0.9997207006792468,1.0006986044648536,0.9957400383702866
4.0,0.09909723025988948,0.9888262194426538,0.9915032811211363,0.9994900217761458,1.0004175473882797,0.9954647542092944
4.02,0.09896357294381236,0.9883571913657437,0.9912285215094835,0.9992882058467055,1.0001716820306856,0.9952243530584512
4.04,0.09884023855524454,0.9879696791234592,0.9909992202197123,0.9991189328608723,0.9999654257936722,0.9950232433007039
4.06,0.09872756369629795,0.9876685027353491,0.9908188636570634,0.9989847806284976,0.9998018459466579,0.9948644897109229
4.08,0.0986257065328959,0.9874576034343439,0.9906903105086826,0.9988878281686426,0.9996834302679481,0.9947505836570439
4.1,0.09853463110102832,0.9873393695450311,0.9906153712060666,0.9988293885536268,0.9996117458408305,0.9946831010240788
4.12,0.09845411706409213,0.9873147093341867,0.9905948494572319,0.9988100377323089,0.9995874746393402,0.9946627375118398
4.14,0.09838374586561864,0.9873830897644533,0.9906285680533315,0.9988296302379073,0.9996104333228685,0.994689329235634
4.16,0.09832301094394987,0.9875432335639422,0.9907157945454808,0.998887593304171,0.9996799379151029,0.9947622136946331
4.18,0.09827118216646154,0.9877919358008974,0.9908545405008808,0.9989824625721689,0.9997942180882643,0.9948796479537075
4.2,0.09822748652444971,0.9881256550758971,0.9910425311594222,0.9991125355312049,0.9999512342224129,0.9950396206805747
4.22,0.09819101095713244,0.9885394731715171,0.9912765965810412,0.999275472767386,1.0001481723840828,0.9952393494909098
4.24,0.09816074370411172,0.989027438619148,0.9915528953745075,0.9994684538499322,1.000381636053212,0.9954754715396315
4.26,0.09813567344356204,0.9895835091818137,0.9918674997571162,0.9996885739774021,1.000648140157668,0.9957445350109497
4.28,0.09811463814471201,0.9901998438659055,0.9922153904049462,0.9999321820475692,1.000943275460685,0.9960421669505756
4.3,0.09809655780490222,0.9908692453371869,0.9925919421285601,1.0001958778933095,1.0012629559371178,0.996364315115815
4.32,0.09808023450717303,0.9915828579941602,0.9929915644578006,1.0004756132470725,1.0016022864344156,0.996706120071129
4.34,0.09806451911090656,0.9923319439778899,0.9934087862890452,1.0007674226746128,1.001956475004326,0.9970628236561402
4.36,0.09804829040998572,0.993107557129419,0.9938380804490734,1.0010673136389912,1.00232069079949,0.9974296272257237
4.38,0.09803042228550155,0.9939001010634434,0.9942736169538146,1.001371108560227,1.0026898619701892,0.9978014902013969
4.4,0.09800989592610096,0.9947006929465728,0.9947100904671095,1.0016750053919072,1.0030593728587949,0.9981738250745984
4.42,0.09798572645395633,0.9954999916470595,0.9951420401331534,1.0019751264294352,1.0034244977213413,0.9985419320331673
4.44,0.09795703232655559,0.9962890874326921,0.9955643875925462,1.002267884152568,1.0037808547310618,0.9989014517277248
4.46,0.09792304597329017,0.9970595272162606,0.9959724596548456,1.0025499998683824,1.004124427455142,0.9992483863330014
4.48,0.09788303318157424,0.9978025863047455,0.9963615473377297,1.0028182118454725,1.0044511966877887,0.9995787336183938
4.5,0.09783632947636393,0.9985096117739711,0.9967271084717073,1.0030694113464949,1.004757310781743,0.999888656308085
4.52,0.09778257649717427,0.9991741934031543,0.9970660743715828,1.0033015152802482,1.0050401813589935,1.0001755713480749
4.54,0.0977215251985062,0.9997904215730079,0.9973757787160656,1.003512749076114,1.0052975838966558,1.0004372559286259
4.56,0.09765312225770903,1.0003537258512374,0.9976544453383074,1.0037019690385414,1.0055280645777898,1.0006722520065425
4.58,0.09757706529795669,1.0008585441129618,0.9978996504652239,1.0038676319710178,1.005729641533445,1.0008785833883613
4.6,0.0974934877289414,1.0013023207048317,0.9981108456611599,1.0040094679799692,1.0059019227869088,1.001055849843768
4.62,0.09740288860084395,1.0016852798950164,0.9982891755965421,1.0041283547042281,1.0060459493603569,1.0012050729184847
4.64,0.0973058673449495,1.0020091281378467,0.9984365943960872,1.004225720056704,1.006163445367114,1.0013279555707355
4.66,0.0972032606594926,1.0022780038713472,0.9985564292165456,1.0043039100151232,1.0062572868216884,1.001427346404248
4.68,0.09709366383305755,1.002475146358196,0.9986392235303142,1.004356705190948,1.0063196157107273,1.0014954198751802
4.7,0.09697845311517006,1.002610432837811,0.9986914793822743,1.0043885512833493,1.0063559567459652,1.0015376592721357
4.72,0.09685838747845431,1.0026884001984318,0.9987162753405795,1.0044015824064694,1.0063689486277063,1.0015566786449517
4.74,0.0967342119538932,1.0027140150940455,0.9987167387356419,1.0043979415497466,1.0063612556940227,1.0015551184543328
4.76,0.09660653164559557,1.0026912912249855,0.9986952456942539,1.0043792422915128,1.0063348952462055,1.0015349759392957
4.78,0.09647450053981955,1.0026094663086305,0.9986453263142794,1.004341140508937,1.0062844411301686,1.0014908414865469
4.8,0.09633931281680261,1.0024798970249775,0.9985732554195793,1.004287817866094,1.0062151541479445,1.0014279420560317
4.82,0.09620137187502527,1.0023062062805732,0.9984805934384164,1.004220278340814,1.0061283261112433,1.0013475559233276
4.84,0.09606103744975072,1.002092160415822,0.9983688123943592,1.0041394588188495,1.006025168984014,1.0012508832759763
4.86,0.09591868652623158,1.001840948022231,0.9982391549259811,1.0040461264547467,1.005906694145937,1.0011389218776705
4.88,0.0957747144894319,1.0015548823054206,0.9980925203046103,1.0039407975847183,1.0057736144060567,1.0010123685638865
4.9,0.09562927993032547,1.0012374177260437,0.9979297649099778,1.0038240150431843,1.005626633763601,1.0008719230667613
4.92,0.09548253889406429,1.0008908804790682,0.9977513086565734,1.0036960348905382,1.0054660957728407,1.0007179230779852
4.94,0.09533456052761785,1.0005169033295722,0.9975571499843124,1.0035568623276534,1.0052920094475528,1.0005503744805846
4.96,0.09518639095379411,1.0001252910447995,0.9973526911440348,1.0034100910250074,1.005108901107694,1.0003737731421072
4.98,0.09503876038051118,0.9997232475295966,0.9971416682055098,1.0032582340691494,1.0049199198968124,1.000191246851215
5.0,0.0948915832040066,0.9993110392530669,0.9969233824321807,1.0031009193785747,1.0047245445016455,1.0000022761883043
5.02,0.09474519478212853,0.9988923364227561,0.9966994735248536,1.0029393466706644,1.004524220087601,0.9998082965040135
5.04,0.09459989990109513,0.9984704054971753,0.9964714382332268,1.0027746510409454,1.0043202909584967,0.9996106432902471
5.06,0.09445680311471466,0.9980564880181205,0.9962459195370825,1.0026113655940392,1.0041183857912444,0.999414916613972
5.08,0.09431625440337905,0.997654227166243,0.9960248404444584,1.0024509377743742,1.0039202219695484,0.9992228243677734
5.1,0.09417866229669539,0.9972677949762352,0.9958105601530647,1.0022951130634106,1.0037278856989462,0.9990364420262985
5.12,0.09404454700253925,0.9969024728305595,0.9956062226442041,1.0021461535618343,1.0035441149251678,0.9988584942290091
5.14,0.09391425839553433,0.9965625467447583,0.9954143914575239,1.002005943658818,1.0033711641064476,0.99869122829336
5.16,0.09378811974041555,0.9962522444598055,0.9952376498189672,1.001876373499591,1.0032112980233459,0.9985369031856312
5.18,0.09366664106223968,0.9959770439525257,0.9950794390918697,1.0017598679384314,1.0030674779818785,0.9983984682869725
5.2,0.0935502254505116,0.9957419421134373,0.9949429133158715,1.0016586435151797,1.0029424114406917,0.9982786232251251
5.22,0.09343908064154875,0.9955501129966208,0.9948301070455852,1.0015741639904208,1.002837864089078,0.9981791311803864
5.24,0.0933327084887534,0.9953974482114362,0.9947385281382847,1.0015049365143156,1.0027518526829495,0.9980980241809498
5.26,0.09323148588998813,0.9952894497604239,0.9946716990298929,1.0014533271815431,1.0026873280849833,0.9980382476662952
5.28,0.09313536342793441,0.9952273865396074,0.9946305000510224,1.0014199555923786,1.0026450392062685,0.9980005561455553
5.3,0.093044213085635,0.9952120044203777,0.9946154878389104,1.0014051945650821,1.0026254431540018,0.9979854149005072
5.32,0.09295782701706873,0.9952419266124345,0.9946258025995632,1.0014085365339345,1.00262785904634,0.9979921499554276
5.34,0.09287591440356893,0.9953167183376427,0.9946612706157945,1.0014298092145155,1.0026520936511958,0.9980205814046224
5.36,0.09279810164690777,0.995434801759489,0.9947209776820708,1.001468349624005,1.0026973375493904,0.9980699144580104
5.38,0.09272392919581196,0.9955937857930011,0.9948035038738744,1.0015231392470538,1.0027623461332167,0.9981389214411848
5.4,0.09265317405627593,0.9957926661666474,0.9949082343732613,1.0015937003381914,1.0028465562606872,0.9982270475173908
5.42,0.09258546213297632,0.996029169694237,0.9950337919705675,1.0016790242282094,1.0029487508874784,0.998333088486965
5.44,0.09252017433578773,0.9962990774439944,0.9951776434593412,1.0017773046593996,1.0030667254280445,0.9984548603024009
5.46,0.0924567502294461,0.9965982276457598,0.995337290439467,1.0018867566201408,1.0031983055791993,0.9985902064435592
5.48,0.0923947209690217,0.9969231951620232,0.9955106804391168,1.002005891774958,1.0033416908247494,0.9987373413548979
5.5,0.09233383262051519,0.9972725263184553,0.9956969444174089,1.0021340181820828,1.003496077163956,0.9988954698767958
5.52,0.0922734054554094,0.9976400842256078,0.9958924536475479,1.002268583994502,1.0036583382437656,0.9990614850800785
5.54,0.09221290901409447,0.9980209291977011,0.9960943156740896,1.0024075377699457,1.00382597145434,0.9992328992317628
5.56,0.09215181757674677,0.9984098456641648,0.9962995045123008,1.0025487437869958,1.0039963664736389,0.9994071161852673
5.58,0.09208992945695646,0.9988060478645404,0.9965076525582229,1.0026918556131996,1.0041691445106915,0.9995837654099776
5.6,0.09202668892747908,0.9992030450890533,0.9967150467327365,1.002834292922706,1.0043411319432094,0.9997596864199157
5.62,0.09196169769846148,0.9995962059276611,0.9969191138949687,1.0029742500418195,1.0045101174736544,0.9999326776432061
5.64,0.0918945904617428,0.999980866125189,0.9971172996619314,1.0031099453320602,1.0046739140215777,1.0001005602235726
5.66,0.0918251096299677,1.000354423817494,0.9973082934283823,1.0032404423925674,1.0048313816774546,1.0002622019095275
5.68,0.09175300650812976,1.0007132809667378,0.9974902356159535,1.0033644489976463,1.0049809316189775,1.0004160190724807
5.7,0.09167807664134926,1.0010537860163762,0.9976612669654232,1.0034806851690128,1.0051209847854563,1.0005604357169495
5.72,0.09160019501163878,1.0013731511957595,0.997820060417999,1.003588238800081,1.0052504155813533,1.0006943274475546
5.74,0.09151921140567253,1.0016685097774558,0.9979652394558441,1.003686176201939,1.005368063425507,1.000816536003242
5.76,0.09143497568288579,1.0019371291801842,0.9980954992734772,1.00377362136828,1.0054728335145802,1.000925969221325
5.78,0.09134757244841402,1.002177964391326,0.9982105649625489,1.0038503937775631,1.0055645019212158,1.0010223981032706
5.8,0.0912570880475686,1.0023902224388346,0.998310284347524,1.003916401989688,1.005642951335918,1.0011057006767077
5.82,0.09116362603151866,1.002573298436768,0.9983945893988251,1.0039716153733753,1.0057081381350572,1.0011758281429228
5.84,0.09106695467226426,1.002723260715608,0.9984613734081641,1.0040146414320992,1.00575831001925,1.0012310320133002
5.86,0.09096740429101738,1.0028419059204012,0.99851192552176,1.004046362203701,1.0057945652058624,1.0012723992336883
5.88,0.0908651715566101,1.0029298021461792,0.9985467399269966,1.0040671278462543,1.0058173351272202,1.0013003536008815
5.9,0.09076050349099922,1.0029881677749828,0.9985666382838817,1.0040775071981176,1.0058273257229717,1.0013155921451484
5.92,0.09065333383056882,1.003014859744795,0.9985704352558916,1.0040767147008085,1.0058235526944297,1.0013171296499548
5.94,0.09054393812929527,1.0030116554666633,0.998559164373711,1.004065457369848,1.00580689759378,1.0013058381330497
5.96,0.09043257440321661,1.002980293484685,0.9985337763458306,1.0040443845502731,1.0057781711117004,1.0012825192907897
5.98,0.09031948120524623,1.0029224640053742,0.9984951336158733,1.0040140853731736,1.0057381091596738,1.0012479006590924
6.0,0.09020485420589248,1.0028393385862764,0.9984438156221898,1.0039749480767948,1.0056872029980564,1.0012024661491514
6.02,0.09008889024942764,1.0027322540291141,0.9983804514407648,1.0039273941319016,1.0056259854099416,1.0011467413113344
6.04,0.08997184069934892,1.0026035273775087,0.9983061217308423,1.0038721622590618,1.0055553771937176,1.001081638714764
6.06,0.0898539259391629,1.002455186403785,0.9982217386055686,1.0038098768502082,1.0054761566164834,1.0010079292828793
6.08,0.08973538663764542,1.0022894959530237,0.9981283669509198,1.0037412641749632,1.0053892296539924,1.0009265111868686
6.1,0.08961654151874307,1.002109296677599,0.9980275215492319,1.0036673366704687,1.0052958701321957,1.000838648174339
6.12,0.08949757700981147,1.001916699173069,0.9979200857839967,1.0035887201460452,1.0051968443132286,1.0007451007298902
6.14,0.08937871621492882,1.0017140893249756,0.9978071773955242,1.0035061941279644,1.0050931127998424,1.0006468226943606
6.16,0.08926016824159522,1.0015037973119447,0.9976898863152374,1.0034205281281867,1.004985617886011,1.000544750190952
6.18,0.08914231334955991,1.001289624483016,0.997570327294318,1.0033331584406868,1.0048761492869913,1.0004406619648663
6.2,0.08902532019004895,1.0010736706104815,0.9974494686791446,1.0032447889949694,1.0047655563595896,1.0003354027432425
6.22,0.08890941009999409,1.0008585044947298,0.9973286308358235,1.0031563562254082,1.0046549814057213,1.000230108846036
6.24,0.08879479393188476,1.0006466377342502,0.9972091285260738,1.0030687970939363,1.0045455642278156,1.000125914577815
6.26,0.08868171080481208,1.0004408608264055,0.9970924873175279,1.002983188981945,1.0044386206716436,1.0000241296272794
6.28,0.08857036968775894,1.000243740360251,0.9969801203040032,1.0029005366414696,1.0043353733075029,0.9999259714702491
6.3,0.08846094315328776,1.000057561264896,0.9968732924559164,1.0028217471070375,1.004236920720129,0.999832534839811
6.32,0.08835360046925574,0.9998846184461544,0.9967733068026482,1.0027477490965868,1.004144390502196,0.9997449437470838
6.34,0.08824847506324186,0.9997268655659043,0.9966812707682317,1.0026793417714879,1.004058746795632,0.9996641598008192
6.36,0.0881456549642506,0.9995857960238891,0.996598015960612,1.002617142836456,1.003980724306994,0.9995909164156954
6.38,0.0880452506035787,0.9994633144736987,0.9965246819651435,1.0025619542117707,1.003911300792796,0.9995261899913908
6.4,0.08794732987137609,0.9993609213425669,0.9964621663244385,1.002514413134341,1.0038512490889455,0.9994707532170231
6.42,0.08785193160972364,0.9992798743358753,0.996411231878537,1.0024750586783235,1.0038012235772338,0.9994252612483362
6.44,0.08775900310567095,0.9992201802408021,0.996371828165945,1.0024439080612428,1.0037612125662385,0.9993897048207415
6.46,0.08766853880173714,0.999182833145931,0.996344598176545,1.00242139410624,1.0037317521010312,0.9993646224456509
6.48,0.08758047488511564,0.9991681202354135,0.9963297365084953,1.0024076526030103,1.0037130046999791,0.9993501803818884
6.5,0.08749471583610796,0.9991760469023783,0.9963272768310547,1.0024027008155756,1.0037049907074465,0.9993464036785825
6.52,0.08741116749118531,0.9992062869164334,0.9963370071249275,1.0024064061910547,1.0037075356260017,0.9993531216344905
6.54,0.0873296824329952,0.9992582290906235,0.9963585879190915,1.0024185241570842,1.0037203394339222,0.999370040139879
6.56,0.08725007998138347,0.9993309459837547,0.9963915015074383,1.002438679470489,1.0037429450958752,0.9993967090568231
6.58,0.08717215537751367,0.9994231646030568,0.996435019979964,1.0024663526521223,1.0037747174076461,0.9994325005171643
6.6,0.08709574231208048,0.9995338800092226,0.9964885632881929,1.002501124972709,1.0038151470548222,0.9994769111833013
6.62,0.08702068598522994,0.9996620971470751,0.9965515535518257,1.002542577830142,1.0038637262138186,0.9995294386508764
6.64,0.08694671143796812,0.9998056132626814,0.9966227278763097,1.0025898161311293,1.0039193603034515,0.9995889972201374
6.66,0.08687357066439796,0.9999623417105057,0.9967008889808088,1.0026419910763706,1.0039810120470645,0.9996545574168387
6.68,0.08680102536286823,1.0001302132018788,0.9967848562063278,1.0026982640311992,1.004047657789927,0.9997251029790022
6.7,0.08672896669026624,1.0003085982286732,0.9968742963204505,1.0027583706041214,1.0041189890964821,0.9998003295078682
6.72,0.08665710135789605,1.000494525188209,0.9969675181980174,1.00282112602952,1.0041935522882195,0.9998787916284809
6.74,0.0865852028531179,1.000685674440791,0.9970632212666881,1.0028856117395266,1.0042702245797195,0.9999593729748407
6.76,0.08651304732652679,1.000879594275045,0.9971600387433186,1.0029508663033029,1.0043478291002024,1.000040902746478
6.78,0.08644050452879859,1.0010752110654784,0.9972574172258263,1.003016479655233,1.0044258741914385,1.0001228936479736
6.8,0.0863673747257632,1.0012700632279374,0.9973540057273619,1.0030815061116711,1.0045032004006453,1.00020419119634
6.82,0.08629348927366721,1.001461972048703,0.997448628855487,1.0031451217904777,1.0045787984108228,1.0002837901556914
6.84,0.0862187051435575,1.0016489307155045,0.997540221376659,1.003206580647093,1.0046517542583864,1.0003607797911025
6.86,0.08614288860092911,1.0018292271397684,0.997627891288753,1.0032652575666674,1.0047213016465537,1.0004343972161567
6.88,0.0860659299675692,1.0020012753308332,0.9977108269167023,1.0033205851397415,1.0047867446545833,1.000503949035502
6.9,0.0859877549392644,1.0021634932537076,0.9977882295447885,1.0033720079017852,1.0048474017729412,1.0005687545777913
6.92,0.08590831163566559,1.002314596407437,0.997859472966795,1.0034190903262523,1.0049027388431337,1.0006282800458919
6.94,0.08582755013451092,1.0024533408740122,0.9979239503002899,1.0034614133199957,1.0049522400957085,1.000682010022478
6.96,0.08574537929786392,1.0025782238227592,0.9979808902472306,1.003498450431623,1.0049952528626398,1.00072929367106
6.98,0.08566183881104157,1.0026887591742237,0.9980301225959968,1.0035300821692639,1.0050316333407596,1.0007699846816744
7.0,0.08557695593799684,1.002784448229549,0.9980714544365195,1.003556176353768,1.0050612199207003,1.0008039194850948
7.02,0.08549078619134566,1.0028650937173333,0.9981048562838379,1.0035767129570838,1.005083990019921,1.000831072726481
7.04,0.08540325071766922,1.002929175865817,0.9981295128410443,1.0035911422898915,1.0050992589598289,1.0008507608426147
7.06,0.0853144740410994,1.0029772603822649,0.9981458080624197,1.003599726514147,1.0051073547924005,1.0008633071733957
7.08,0.08522453820955539,1.0030095403439065,0.9981538896291645,1.0036025691898802,1.0051084068705909,1.0008688376303743
7.1,0.08513354551778425,1.003026477747672,0.998154041529173,1.0035998671179212,1.0051026602074074,1.000867593264231
7.12,0.08504153690024874,1.0030278542537767,0.9981461521760594,1.0035915470943282,1.005090024631672,1.000859481579664
7.14,0.08494860472491554,1.0030141030833235,0.998130458827518,1.0035777745412513,1.0050707058782655,1.0008447046753424
7.16,0.08485488271846846,1.0029862011766124,0.9981074869748061,1.0035589123354136,1.0050451543242591,1.000823708258904
7.18,0.08476049303485128,1.0029450543728171,0.998077706487475,1.0035352863272184,1.0050137737368636,1.0007968918002395
7.2,0.08466555031046277,1.0028914903322808,0.9980415444656043,1.003507191193632,1.0049769303430731,1.000764617438189
7.22,0.08457015661453615,1.002826190355933,0.9979993509866099,1.003474866489822,1.0049349234360097,1.0007271807156903
7.24,0.08447445236097116,1.002750488985515,0.9979517945864987,1.0034387782780738,1.0048883276832754,1.0006851517880742
7.26,0.0843785648809895,1.0026655850778383,0.9978994727657283,1.0033993431632866,1.0048376568311295,1.000639040274426
7.28,0.08428262241554912,1.0025727432745544,0.9978430170455516,1.003357002254642,1.0047834540942668,1.000589385329692
7.3,0.08418676610465839,1.0024732338266888,0.9977831188780594,1.0033122258860085,1.0047263060289244,1.0005367689782343
7.32,0.08409111687269143,1.0023684222188882,0.99772044372222,1.0032654855834926,1.004666788747063,1.0004817637508334
7.34,0.08399579784433195,1.0022596708732618,0.9976556820907947,1.0032172662099956,1.0046054970395386,1.0004249608139066
7.36,0.08390092645158927,1.0021483426549929,0.9975895252882786,1.003168055457475,1.0045430275644898,1.0003669534804904
7.38,0.08380664082539313,1.002035934645193,0.9975227817388547,1.0031184136037852,1.0044800715442028,1.000308428978524
7.4,0.08371305128322823,1.001923813157238,0.9974561599570002,1.0030688411718758,1.0044172404311347,1.0002499958063948
7.42,0.08362025951934486,1.0018133067405515,0.9973903519977948,1.0030198288312853,1.0043551323211568,1.0001922494683724
7.44,0.0835283622600709,1.001705719598843,0.9973260484685962,1.0029718655376259,1.0042943433716145,1.0001357837585898
7.46,0.08343745460156168,1.0016023160037144,0.9972639273778884,1.002925431414797,1.0042354589024147,1.0000811816594894
7.48,0.08334762420969109,1.0015043008604398,0.9972046414994487,1.0028809888813919,1.0041790423604082,1.0000290045499098
7.5,0.08325893662568493,1.0014127775374093,0.9971487896419495,1.0028389632788572,1.0041256106735075,0.9999797681899649
7.52,0.08317145040948179,1.0013287729814924,0.9970969365907851,1.0027997550491503,1.0040756507669184,0.9999339585528012
7.54,0.08308521241427481,1.0012531998071232,0.9970495851819124,1.0027637219578627,1.004029596715295,0.9998920091188502
7.56,0.08300026082038985,1.001186783881303,0.9970071194825172,1.0027311454512362,1.0039877854434414,0.9998542562444505
7.58,0.08291661410918606,1.0011302407895384,0.9969699496502413,1.0027023131478119,1.0039505674133777,0.9998210508555068
7.6,0.08283427872119413,1.0010841196156812,0.9969383867239295,1.0026774456046712,1.0039182096311192,0.9997926606743456
7.62,0.08275324637235695,1.0010488357244625,0.9969126708470764,1.0026567117753227,1.0038909167936574,0.9997692915889886
7.64,0.08267351081292494,1.001024672529174,0.9968929372170056,1.0026402186330858,1.0038688117217796,0.9997510671723342
7.66,0.08259503463960217,1.0010117580959055,0.996879270166034,1.0026280226393915,1.0038519629124225,0.9997380580020057
7.68,0.08251777000868551,1.001010070038034,0.9968716628564864,1.002620118027407,1.0038403617827607,0.9997302577806894
7.7,0.08244165540539354,1.001019427189527,0.9968700189837714,1.0026164355564595,1.0038339224020332,0.9997275832291497
7.72,0.08236664052102417,1.0010396939054285,0.9968742558690569,1.0026169185083529,1.0038325728878439,0.9997299646182719
7.74,0.08229265776499478,1.0010705423711748,0.9968841860793236,1.0026214349516327,1.0038361501544175,0.999737241506086
7.76,0.08221961011640795,1.0011113478911366,0.9968994654839277,1.002629739336558,1.0038443538015136,0.9997491170451815
7.78,0.08214739906505067,1.0011614103229547,0.9969197032806295,1.002641554579574,1.0038568443479472,0.9997652552271895
7.8,0.08207593191716053,1.0012200583555138,0.9969445245641186,1.0026566140514384,1.0038732956834648,0.9997853331848542
7.82,0.08200514155736464,1.0012868653998035,0.9969736900030943,1.0026747450878517,1.0038934977235558,0.999809143279793
7.84,0.08193490123283823,1.001360686754767,0.9970065631218138,1.0026954983389949,1.0039169002712798,0.999836139352196
7.86,0.08186510005072571,1.0014404986030507,0.9970425753762749,1.002718471903918,1.0039430116289654,0.9998658331970391
7.88,0.08179562419068584,1.0015251842689188,0.9970811083690965,1.0027432294800318,1.0039712978099171,0.9998976943013481
7.9,0.08172641268052226,1.0016143193061446,0.9971219393277081,1.0027696056208595,1.0040015602585677,0.9999315263185147
7.92,0.08165734199634271,1.0017065244842476,0.9971643069758307,1.0027970662940688,1.0040331442920014,0.9999666780448602
7.94,0.08158831284635448,1.0018006896449512,0.9972076061127393,1.0028251848012613,1.0040655280015607,1.0000026303904261
7.96,0.0815192293130418,1.0018956702037372,0.9972512154569239,1.0028535240753447,1.0040981764819152,1.0000388510550726
7.98,0.08145001504179895,1.0019906524178612,0.9972947043546225,1.0028817776493395,1.0041307162342,1.000074968830201
8.0,0.08138059202128028,1.0020846390635227,0.9973375413070665,1.002909571195358,1.0041626895213245,1.000110528016577
8.02,0.08131088618070786,1.0021765651297325,0.9973791593791255,1.0029365072551897,1.0041936096536597,1.0001450436557917
8.04,0.08124083621472801,1.0022654907233062,0.997419065016536,1.0029622394224407,1.0042230527976035,1.0001780932698654
8.06,0.0811703840554133,1.0023505479106172,0.9974568054499277,1.0029864502740697,1.0042506302689318,1.000209289516471
8.08,0.08109947608093962,1.0024309547144823,0.9974919760516507,1.003008856368027,1.0042759947589284,1.000238286379362
8.1,0.08102808376935036,1.0025059888192889,0.9975242103848785,1.0030292012087318,1.0042988327368474,1.0002647705113785
8.12,0.08095618506635847,1.0025750411994183,0.9975532043283785,1.0030472719044914,1.0043188840262383,1.0002884818165134
8.14,0.0808837659244726,1.0026375791277884,0.9975786952846474,1.0030628849151948,1.0043359243599992,1.0003091958574784
8.16,0.08081078262665695,1.0026928595727322,0.9976002938179556,1.003075771603494,1.0043496224714785,1.0003265822494234
8.18,0.0807372556377418,1.0027406660665676,0.997617913108357,1.0030858700496998,1.004359904458899,1.000340565812249
8.2,0.08066319839404128,1.0027807620081493,0.9976314485871304,1.0030931072786926,1.0043666818765067,1.0003510571150478
8.22,0.0805886366006536,1.0028130477185637,0.9976408687772751,1.0030974609730232,1.0043699287765953,1.000358028865432
8.24,0.08051355340717585,1.0028371892273924,0.9976459910042856,1.003098808376201,1.0043694920076232,1.0003613281787018
8.26,0.08043798710529891,1.0028532110484107,0.9976468476465085,1.0030971712900325,1.00436540022907,1.0003609819634636
8.28,0.08036198205633746,1.002861235934824,0.9976435201450853,1.0030926058026517,1.0043577241480188,1.0003570590410136
8.3,0.08028558458649958,1.0028614426746343,0.9976361153108285,1.0030851859906822,1.0043465563370013,1.000349650086357
8.32,0.0802088494822554,1.0028541081874618,0.9976247910589869,1.0030750211860318,1.004332032965027,1.0003388891217875
8.34,0.08013184004688467,1.0028396085179048,0.9976097570778492,1.003062256449364,1.0043143343734713,1.0003249540913401
8.36,0.08005451302498605,1.0028174086174746,0.9975907062205753,1.0030466819610144,1.004293200286663,1.0003075858757005
8.38,0.07997695581748118,1.0027881440972932,0.9975679865068258,1.0030285381784936,1.0042689290733222,1.0002870797139218
8.4,0.07989924964749676,1.002752421446703,0.9975419260630555,1.0030080521785103,1.0042418022418576,1.0002637142207704
8.42,0.07982146388861656,1.002710767720403,0.9975128050352008,1.002985418428978,1.0042120605349305,1.0002377276693413
8.44,0.0797436738144006,1.0026637861080228,0.9974809434755799,1.002960859257787,1.0041799789183592,1.0002093923934585
8.46,0.07966596061003312,1.0026121557069425,0.9974467015502821,1.0029346250992057,1.0041458668219037,1.0001790150281202
8.48,0.07958829912804964,1.0025561857375145,0.9974101960910922,1.002906804863379,1.004109827324579,1.0001467003328854
8.5,0.07951078981131682,1.0024967315552322,0.997371884592099,1.0028777170464505,1.0040722535956996,1.0001128380460806
8.52,0.07943352931185886,1.002434683519711,0.9973322398661939,1.002847692005097,1.004033552423309,1.0000778317607508
8.54,0.07935659763850321,1.0023709142435326,0.9972917169489296,1.0028170499255598,1.0039941161761312,1.0000420714161153
8.56,0.07928007816889909,1.0023063565672914,0.9972508031630122,1.002786134443232,1.0039543654249496,1.0000059750903698
8.58,0.07920405754551325,1.002242001878452,0.9972100173976913,1.0027553122462096,1.0039147483922473,0.9999699884528835
8.6,0.07912845319170231,1.00217717690553,0.9971690233554997,1.002724338688232,1.0038749688802104,0.9999338182515871
8.62,0.07905336513930092,1.0021130598018475,0.9971284365143793,1.002693649823538,1.0038355591350858,0.9998979938372378
8.64,0.07897889149945994,1.002050833958909,0.9970888768034514,1.0026636856667508,1.0037970556446858,0.9998630489064206
8.66,0.0789050949836745,1.0019913539590064,0.9970507960093385,1.0026347665268296,1.0037598487493544,0.9998293721914085
8.68,0.07883203790857808,1.0019354952540829,0.9970146573964721,1.002607221474166,1.0037243390148198,0.9997973627039969
8.7,0.07875978209890881,1.0018841532385359,0.9969809350172922,1.0025813878341612,1.0036909366259779,0.9997674291317243
8.72,0.0786882177356112,1.0018364582193415,0.9969491937349001,1.0025569502051555,1.0036592589370363,0.9997391927802136
8.74,0.078617405268665,1.0017933442106346,0.9969199261481779,1.0025342592587834,1.003629732111817,0.9997130784444744
8.76,0.07854741054235212,1.0017558268421225,0.9968936670478805,1.002513696467371,1.0036028193182542,0.9996895477935537
8.78,0.07847825651593895,1.0017245007015279,0.9968707337893036,1.0024954873098229,1.0035787941063317,0.9996688742704406
8.8,0.07840996234787863,1.001699947694639,0.9968514363255319,1.0024798520076377,1.003557923504299,0.999651324957212
8.82,0.07834254342485217,1.0016827379498823,0.996836077445647,1.002467005591597,1.0035404681601916,0.9996371607158665
8.84,0.07827589399186147,1.001671416879703,0.9968238944419407,1.0024564074652988,1.0035257692088482,0.9996257253546605
8.86,0.07821001705685078,1.0016664404885436,0.9968151278502309,1.002448227627144,1.0035140327777634,0.9996172256235434
8.88,0.07814492399562223,1.0016684612097873,0.996810120354421,1.0024427082845113,1.0035055528598977,0.999611956059754
8.9,0.07808059065383224,1.0016775732570684,0.9968089200444283,1.0024398824144247,1.0035003689300641,0.9996099574627255
8.92,0.07801698737206805,1.001693826475717,0.9968115505683152,1.0024397652139987,1.0034984989668267,0.9996112493266915
8.94,0.07795407909479975,1.0017172276127442,0.996818011878036,1.0024423545985817,1.003499940077097,0.9996158304625724
8.96,0.07789175864252165,1.001746405801974,0.9968275424649254,1.0024471216157371,1.0035040413646863,0.999623052766152
8.98,0.07782996570313143,1.0017809822556,0.996839930338244,1.0024539161490353,1.003510618447612,0.9996327341234056
9.0,0.07776864625451921,1.0018207645990003,0.9968550673454174,1.0024626590462768,1.0035195745836063,0.9996447800875085
9.02,0.07770771944441444,1.0018650825577007,0.9968725822191725,1.0024730887529096,1.0035305888047825,0.9996588724590504
9.04,0.07764709545113083,1.0019131427257446,0.9968920371108575,1.0024848971783447,1.0035432830550668,0.9996746361812288
9.06,0.07758667524485273,1.0019640222878465,0.9969129244758598,1.0024977276667386,1.003557219620012,0.999691636772424
9.08,0.07752653084684755,1.0020182839625076,0.99693557162592,1.0025118012947511,1.0035726754354186,0.9997101486349046
9.1,0.07746659441034275,1.0020751836199129,0.9969595764803538,1.0025268337893734,1.0035893030985392,0.9997298263966203
9.12,0.07740674409132035,1.0021334333802403,0.9969842361637392,1.0025423326543632,1.0036064980000035,0.9997500691848641
9.14,0.07734691184252285,1.0021921661889726,0.9970090871866139,1.0025579711773875,1.0036238607298313,0.9997704794411567
9.16,0.07728703006527488,1.0022504529358558,0.997033635194478,1.0025734014147993,1.0036409658262366,0.9997906334376463
9.18,0.0772270320070526,1.0023073019802757,0.9970573548599894,1.002588254199017,1.0036573617534612,0.9998100812354614
9.2,0.07716687824398898,1.00236268433937,0.9970802409383142,1.0026025212318905,1.003673039268367,0.9998288155263646
9.22,0.0771065140314165,1.0024158390859206,0.9971018969172355,1.0026159228770515,1.0036876566957247,0.9998464960610276
9.24,0.07704587839083261,1.002465616207684,0.9971217198486904,1.0026280366866211,1.003700697261408,0.9998626071363248
9.26,0.07698492298164414,1.0025112027158392,0.9971392904213568,1.0026385677707732,1.0037118005757057,0.9998767894078306
9.28,0.07692360414419588,1.0025517938436819,0.9971541960276693,1.0026472260430095,1.003720612230213,0.9998886893065471
9.3,0.0768618834535775,1.0025865988552347,0.9971660336762324,1.0026537281658774,1.0037267862461454,0.9998979614689356
9.32,0.07679983880984438,1.0026163187511499,0.9971751678179916,1.0026583355594034,1.0037306406944886,0.9999049213220246
9.34,0.07673748832925316,1.002640806301586,0.9971815293577114,1.0026610008954542,1.0037321181312007,0.9999095103220036
9.36,0.07667481289201465,1.0026593592333053,0.9971847669154477,1.002661475875661,1.003730916715824,0.9999114264543386
9.38,0.07661184746105405,1.0026719353492903,0.9971848700407504,1.0026597536096085,1.003727029332747,0.9999106608596909
9.4,0.07654864269215944,1.0026786408318884,0.9971819068071043,1.002655882088575,1.0037205164315801,0.9999072717190365
9.42,0.07648526608086126,1.0026797441627386,0.9971760311772683,1.0026499693116497,1.003711512337166,0.999901390529373
9.44,0.0764215745935876,1.0026741865845334,0.9971666658502458,1.0026416122422526,1.0036995193854459,0.9998925248875667
9.46,0.0763575665755747,1.0026619014077152,0.9971537740520613,1.0026307855496517,1.003684506408575,0.9998806436181802
9.48,0.07629337171521455,1.0026437555475363,0.9971378272437611,1.002617819060149,1.003666880811776,0.9998661492369536
9.5,0.07622903704148186,1.0026201472161302,0.9971190359704171,1.0026028603246953,1.0036468242152965,0.9998492217328723
9.52,0.07616461620906874,1.0025915985017935,0.9970976748539956,1.0025861018161042,1.003624573189271,0.9998300959200537
9.54,0.07610016950862161,1.002558760604691,0.9970740854970307,1.0025677830683886,1.003600421796358,0.9998090639885775
9.56,0.07603577246165323,1.0025219467827353,0.9970484432533597,1.0025480257726562,1.0035745221584038,0.9997862748891913
9.58,0.07597150335225679,1.002481830166504,0.9970211061218699,1.0025270805494595,1.0035471828659301,0.9997620344915459
9.6,0.0759074421402528,1.002439500507657,0.9969926436794209,1.002505347661715,1.0035188938800128,0.999736830631695
9.62,0.07584367961651547,1.0023959634945916,0.9969635869929484,1.0024832002014386,1.0034901126873284,0.9997111180029806
9.64,0.07578031374138959,1.0023523435078097,0.9969345301766585,1.0024610560369005,1.0034613512343011,0.9996854056002084
9.66,0.07571744960800614,1.0023098853437986,0.9969061314014019,1.0024393786294419,1.0034331768558118,0.999660257652906
9.68,0.07565494719835196,1.0022672542991566,0.9968776801663801,1.002417667596327,1.0034049758807195,0.999635065154221
9.7,0.07559277261522125,1.0022243010611696,0.9968490928180034,1.0023958639490118,1.0033766752338482,0.9996097564425173
9.72,0.07553106922172138,1.0021828260542158,0.9968213199417315,1.0023746378791356,1.0033490944570467,0.9995851469893196
9.74,0.07546985332564056,1.00214332180933,0.9967946174970657,1.0023541705876193,1.0033224537053842,0.9995614569541732
9.76,0.07540912959266013,1.0021062117440829,0.9967692036466115,1.002334616954323,1.003296940492149,0.9995388743102853
9.78,0.07534888979886163,1.002071839264685,0.9967452527307996,1.002316101257562,1.0032727044586756,0.9995175496575202
9.8,0.07528916846891341,1.0020398807466495,0.996722619867394,1.0022985177266717,1.0032496208660067,0.9994973560572327
9.82,0.07522999255028949,1.0020104691397784,0.9967013861416851,1.0022819220546941,1.0032277593230354,0.9994783620239925
9.84,0.07517133225554538,1.001984134360477,0.9966818127282139,1.0022665013181922,1.003207343808666,0.9994607938458313
9.86,0.07511317708892574,1.0019610180213745,0.9966639730999556,1.0022523075565615,1.0031884368561819,0.9994447147989716
9.88,0.0750555110915591,1.0019412189070076,0.9966479175709689,1.002239376420119,1.0031710809061667,0.9994301682638256
9.9,0.07499831286923858,1.0019247933171778,0.9966336734400025,1.0022277272478004,1.0031552984155205,0.9994171778333312
9.92,0.07494157001667866,1.0019112379345327,0.9966209774030843,1.0022171753233071,1.0031408642020374,0.9994055180911473
9.94,0.07488529268312963,1.0019005774002179,0.9966098436088019,1.0022077312576378,1.003127791238938,0.9993952015409406
9.96,0.07482947180218338,1.0018932613795954,0.9966005050499911,1.002199559016478,1.0031162782325715,0.9993864280678878
9.98,0.07477410060691037,1.0018893802765367,0.99659300768418,1.0021926911437682,1.0031063642930849,0.9993792372513887
10.0,0.07471917229369779,1.0018890246639875,0.9965873973208267,1.0021871600067473,1.0030980883575866,0.9993736684987427
10.0,0.07471917229369779,1.0018890246639873,0.9965873973208268,1.0021871600067473,1.0030980883575866,0.9993736684987428
